Date,Population,Infected,Deaths,Recovered
2020-03-02,46796540,72,0,1
2020-03-03,46796540,85,1,1
2020-03-04,46796540,99,2,2
2020-03-05,46796540,190,1,2
2020-03-06,46796540,274,3,1
2020-03-07,46796540,290,3,7
2020-03-08,46796540,369,14,23
2020-03-09,46796540,651,17,23
2020-03-10,46796540,1036,28,19
2020-03-11,46796540,1346,35,37
2020-03-12,46796540,1811,59,72
2020-03-13,46796540,2179,79,84
2020-03-14,46796540,2032,108,97
2020-03-15,46796540,2310,131,189
2020-03-16,46796540,3264,183,271
2020-03-17,46796540,4483,191,287
2020-03-18,46796540,4786,246,355
2020-03-19,46796540,5880,322,634
2020-03-20,46796540,6530,433,1008
2020-03-21,46796540,5793,506,1311
2020-03-22,46796540,5327,551,1752
2020-03-23,46796540,8208,686,2100
2020-03-24,46796540,9726,723,1924
2020-03-25,46796540,10139,824,2179
2020-03-26,46796540,10115,871,3081
2020-03-27,46796540,9098,909,4292
2020-03-28,46796540,7102,839,4540
2020-03-29,46796540,5095,811,5558
2020-03-30,46796540,8008,913,6097
2020-03-31,46796540,7926,899,5287
2020-04-01,46796540,7063,895,4776
2020-04-02,46796540,6907,858,7522
2020-04-03,46796540,6821,786,9003
2020-04-04,46796540,4672,740,9315
2020-04-05,46796540,3146,750,9244
2020-04-06,46796540,5398,766,8189
2020-04-07,46796540,5323,736,6263
2020-04-08,46796540,5487,749,4284
2020-04-09,46796540,4612,667,7095
2020-04-10,46796540,4441,676,7027
2020-04-11,46796540,3075,628,6168
2020-04-12,46796540,2379,544,6049
2020-04-13,46796540,3127,587,6035
2020-04-14,46796540,3995,607,3932
2020-04-15,46796540,3703,552,2396
2020-04-16,46796540,3417,487,4632
2020-04-17,46796540,3462,507,4587
2020-04-18,46796540,2182,435,4738
2020-04-19,46796540,1445,401,3945
2020-04-20,46796540,2519,387,3765
2020-04-21,46796540,2729,427,2447
2020-04-22,46796540,2767,344,1835
2020-04-23,46796540,2223,331,2540
2020-04-24,46796540,2285,330,3388
2020-04-25,46796540,1290,295,3151
2020-04-26,46796540,821,272,2930
2020-04-27,46796540,1653,258,2955
2020-04-28,46796540,1737,259,1747
2020-04-29,46796540,1484,236,1044
2020-04-30,46796540,1438,223,2132
2020-05-01,46796540,793,176,2302
2020-05-02,46796540,566,202,2423
2020-05-03,46796540,451,197,1892
2020-05-04,46796540,1012,186,1955
2020-05-05,46796540,981,183,995
2020-05-06,46796540,984,153,549
2020-05-07,46796540,955,166,1395
2020-05-08,46796540,918,146,1478
2020-05-09,46796540,491,125,1248
2020-05-10,46796540,316,110,1215
2020-05-11,46796540,1363,122,617
2020-05-12,46796540,736,114,364
2020-05-13,46796540,806,87,254
2020-05-14,46796540,787,87,826
2020-05-15,46796540,798,77,798
2020-05-16,46796540,346,63,831
2020-05-17,46796540,244,61,789
2020-05-18,46796540,633,72,772
2020-05-19,46796540,856,70,366
2020-05-20,46796540,751,57,206
2020-05-21,46796540,778,69,1241
2020-05-22,46796540,822,71,622
2020-05-23,46796540,312,60,719
2020-05-24,46796540,260,55,700
2020-05-25,46796540,551,68,721
2020-05-26,46796540,734,54,283
2020-05-27,46796540,619,46,183
2020-05-28,46796540,661,44,561
2020-05-29,46796540,735,45,786
2020-05-30,46796540,338,43,694
2020-05-31,46796540,182,40,709
2020-06-01,46796540,361,34,751
2020-06-02,46796540,476,47,252
2020-06-03,46796540,606,39,205
2020-06-04,46796540,519,47,483
2020-06-05,46796540,653,24,680
2020-06-06,46796540,275,29,573
2020-06-07,46796540,143,21,617
2020-06-08,46796540,348,30,690
2020-06-09,46796540,451,14,295
2020-06-10,46796540,463,31,142
2020-06-11,46796540,384,25,327
2020-06-12,46796540,495,20,429
2020-06-13,46796540,124,23,567
2020-06-14,46796540,88,20,472
2020-06-15,46796540,301,20,629
2020-06-16,46796540,401,11,246
2020-06-17,46796540,363,26,122
2020-06-18,46796540,392,12,318
2020-06-19,46796540,354,17,437
2020-06-20,46796540,231,14,432
2020-06-21,46796540,168,15,359
2020-06-22,46796540,252,7,475
2020-06-23,46796540,454,8,101
2020-06-24,46796540,352,12,68
2020-06-25,46796540,376,12,281
2020-06-26,46796540,485,8,390
2020-06-27,46796540,261,2,337
2020-06-28,46796540,191,11,380
2020-06-29,46796540,284,11,337
2020-06-30,46796540,456,11,217
2020-07-01,46796540,460,10,153
2020-07-02,46796540,496,1,245
2020-07-03,46796540,601,5,446
2020-07-04,46796540,306,7,340
2020-07-05,46796540,210,2,364
2020-07-06,46796540,346,3,477
2020-07-07,46796540,723,6,259
2020-07-08,46796540,763,5,180
2020-07-09,46796540,866,1,273
2020-07-10,46796540,1171,5,445
2020-07-11,46796540,623,7,450
2020-07-12,46796540,396,2,495
2020-07-13,46796540,891,2,596
2020-07-14,46796540,1326,4,299
2020-07-15,46796540,1598,5,208
2020-07-16,46796540,1649,2,343
2020-07-17,46796540,2141,3,717
2020-07-18,46796540,1568,3,758
2020-07-19,46796540,1168,6,865
2020-07-20,46796540,1631,8,1166
2020-07-21,46796540,2365,8,616
2020-07-22,46796540,2378,4,394
2020-07-23,46796540,2394,4,889
2020-07-24,46796540,2866,8,1322
2020-07-25,46796540,1725,11,1593
2020-07-26,46796540,1394,7,1647
2020-07-27,46796540,2064,10,2138
2020-07-28,46796540,2962,13,1565
2020-07-29,46796540,3227,11,1162
2020-07-30,46796540,3511,11,1623
2020-07-31,46796540,3914,17,2357
2020-08-01,46796540,3054,13,2374
2020-08-02,46796540,1841,14,2390
2020-08-03,46796540,2790,11,2858
2020-08-04,46796540,4439,20,1714
2020-08-05,46796540,4328,13,1387
2020-08-06,46796540,4896,31,2054
2020-08-07,46796540,5746,23,2949
2020-08-08,46796540,3540,35,3216
2020-08-09,46796540,2635,19,3500
2020-08-10,46796540,3937,32,3897
2020-08-11,46796540,6199,31,3041
2020-08-12,46796540,6456,31,1827
2020-08-13,46796540,7100,26,2779
2020-08-14,46796540,8422,37,4419
2020-08-15,46796540,4844,28,4315
2020-08-16,46796540,3301,23,4865
2020-08-17,46796540,5008,31,5723
2020-08-18,46796540,8551,46,3505
2020-08-19,46796540,8703,47,2616
2020-08-20,46796540,9050,42,3905
2020-08-21,46796540,10525,44,6168
2020-08-22,46796540,6068,46,6425
2020-08-23,46796540,4294,55,7074
2020-08-24,46796540,6062,58,8385
2020-08-25,46796540,10347,45,4816
2020-08-26,46796540,10343,53,3278
2020-08-27,46796540,10356,51,4977
2020-08-28,46796540,11994,77,8505
2020-08-29,46796540,6900,53,8656
2020-08-30,46796540,5204,58,9008
2020-08-31,46796540,6667,67,10481
2020-09-01,46796540,10513,68,6022
2020-09-02,46796540,10730,79,4239
2020-09-03,46796540,10996,82,6004
2020-09-04,46796540,13206,85,10302
2020-09-05,46796540,7891,70,10290
2020-09-06,46796540,5499,64,10305
2020-09-07,46796540,7054,82,11917
2020-09-08,46796540,11978,86,6847
2020-09-09,46796540,12835,107,5146
2020-09-10,46796540,13056,95,6600
2020-09-11,46796540,14446,99,10445
2020-09-12,46796540,8334,107,10651
2020-09-13,46796540,6413,106,10914
2020-09-14,46796540,8223,116,13121
2020-09-15,46796540,13866,138,7821
2020-09-16,46796540,14066,109,5435
2020-09-17,46796540,13821,126,6972
2020-09-18,46796540,16755,116,11892
2020-09-19,46796540,8341,126,12728
2020-09-20,46796540,5877,108,12961
2020-09-21,46796540,8051,127,14347
2020-09-22,46796540,12835,130,8227
2020-09-23,46796540,12788,117,6307
2020-09-24,46796540,12681,137,8107
2020-09-25,46796540,13570,136,13728
2020-09-26,46796540,7672,118,13957
2020-09-27,46796540,5063,124,13695
2020-09-28,46796540,7063,145,16639
2020-09-29,46796540,11380,151,8215
2020-09-30,46796540,11227,158,5769
2020-10-01,46796540,11089,144,7924
2020-10-02,46796540,12411,136,12705
2020-10-03,46796540,6890,111,12671
2020-10-04,46796540,5144,101,12544
2020-10-05,46796540,8917,135,13434
2020-10-06,46796540,12251,133,7554
2020-10-07,46796540,12450,137,4939
2020-10-08,46796540,13881,136,6918
2020-10-09,46796540,14805,152,11229
2020-10-10,46796540,8752,142,11069
2020-10-11,46796540,6773,116,10945
2020-10-12,46796540,6347,130,12275
2020-10-13,46796540,12423,153,6779
2020-10-14,46796540,16438,145,5043
2020-10-15,46796540,17553,156,8782
2020-10-16,46796540,18334,169,12118
2020-10-17,46796540,11976,147,12313
2020-10-18,46796540,8263,154,13745
2020-10-19,46796540,15738,181,14653
2020-10-20,46796540,20960,190,8610
2020-10-21,46796540,23271,180,6657
2020-10-22,46796540,23873,212,6217
2020-10-23,46796540,25087,224,12270
2020-10-24,46796540,15473,195,16293
2020-10-25,46796540,11278,204,17397
2020-10-26,46796540,20048,227,18165
2020-10-27,46796540,24375,248,11829
2020-10-28,46796540,24677,251,8109
2020-10-29,46796540,24238,259,15557
2020-10-30,46796540,24995,275,20770
2020-10-31,46796540,16093,271,23091
2020-11-01,46796540,10977,271,23661
2020-11-02,46796540,15519,309,24863
2020-11-03,46796540,22088,328,15278
2020-11-04,46796540,24184,360,11074
2020-11-05,46796540,23606,333,19821
2020-11-06,46796540,23558,357,24127
2020-11-07,46796540,14592,291,24426
2020-11-08,46796540,9844,326,23979
2020-11-09,46796540,16572,327,24720
2020-11-10,46796540,20625,350,15822
2020-11-11,46796540,20036,363,10706
2020-11-12,46796540,19207,364,15210
2020-11-13,46796540,18457,360,21760
2020-11-14,46796540,10585,305,23824
2020-11-15,46796540,6678,288,23273
2020-11-16,46796540,12840,326,23201
2020-11-17,46796540,15902,379,14301
2020-11-18,46796540,14832,296,9518
2020-11-19,46796540,13206,315,16245
2020-11-20,46796540,12671,327,20275
2020-11-21,46796540,7251,286,19673
2020-11-22,46796540,4626,261,18843
2020-11-23,46796540,9166,321,18097
2020-11-24,46796540,10966,255,10280
2020-11-25,46796540,10027,295,6390
2020-11-26,46796540,9659,296,12514
2020-11-27,46796540,9942,270,15523
2020-11-28,46796540,5508,221,14536
2020-11-29,46796540,3419,222,12891
2020-11-30,46796540,7447,231,12344
2020-12-01,46796540,9512,233,6965
2020-12-02,46796540,8911,223,4365
2020-12-03,46796540,8162,239,8845
2020-12-04,46796540,8440,229,10711
2020-12-05,46796540,4966,200,9732
2020-12-06,46796540,3281,173,9363
2020-12-07,46796540,5242,204,9672
2020-12-08,46796540,4054,182,5287
2020-12-09,46796540,8438,223,3197
2020-12-10,46796540,10781,189,7216
2020-12-11,46796540,11340,217,9279
2020-12-12,46796540,6600,186,8688
2020-12-13,46796540,4250,165,7923
2020-12-14,46796540,9921,168,8211
2020-12-15,46796540,12200,189,4766
2020-12-16,46796540,11772,150,3108
2020-12-17,46796540,11001,176,5038
2020-12-18,46796540,12233,176,3872
2020-12-19,46796540,6944,142,8215
2020-12-20,46796540,4388,157,10592
2020-12-21,46796540,11026,150,11123
2020-12-22,46796540,13443,181,6414
2020-12-23,46796540,14539,194,4085
2020-12-24,46796540,10006,158,9753
2020-12-25,46796540,4828,144,12011
2020-12-26,46796540,6439,178,11622
2020-12-27,46796540,5972,170,10825
2020-12-28,46796540,15146,195,12057
2020-12-29,46796540,18998,166,6802
2020-12-30,46796540,21130,207,4231
2020-12-31,46796540,15610,193,10876
2021-01-01,46796540,7659,174,13262
2021-01-02,46796540,10529,185,14345
2021-01-03,46796540,9958,179,9848
2021-01-04,46796540,22176,190,4684
2021-01-05,46796540,30763,239,6261
2021-01-06,46796540,14626,181,5802
2021-01-07,46796540,26804,241,14951
2021-01-08,46796540,32913,245,18832
2021-01-09,46796540,19317,230,20923
2021-01-10,46796540,13947,246,15417
2021-01-11,46796540,32537,287,7485
2021-01-12,46796540,37413,291,10344
2021-01-13,46796540,39010,289,9779
2021-01-14,46796540,38440,320,21986
2021-01-15,46796540,43023,398,30524
2021-01-16,46796540,25043,364,14445
2021-01-17,46796540,18673,368,26563
2021-01-18,46796540,35819,412,32668
2021-01-19,46796540,42513,490,19087
2021-01-20,46796540,42006,461,13701
2021-01-21,46796540,40910,495,32250
2021-01-22,46796540,42312,570,37122
2021-01-23,46796540,23866,452,38721
2021-01-24,46796540,17368,522,38120
2021-01-25,46796540,32872,536,42625
2021-01-26,46796540,37594,555,24679
2021-01-27,46796540,35920,604,18305
2021-01-28,46796540,33474,578,35407
2021-01-29,46796540,32451,541,42023
2021-01-30,46796540,18255,517,41545
2021-01-31,46796540,11773,493,40415
2021-02-01,46796540,22569,548,41742
2021-02-02,46796540,26098,496,23414
2021-02-03,46796540,23865,502,16846
2021-02-04,46796540,21188,496,32336
2021-02-05,46796540,20231,469,37039
2021-02-06,46796540,10351,418,35316
2021-02-07,46796540,6115,388,32896
2021-02-08,46796540,13834,418,31910
2021-02-09,46796540,15408,395,17738
2021-02-10,46796540,13403,415,11280
2021-02-11,46796540,11906,364,22021
2021-02-12,46796540,11742,343,25602
2021-02-13,46796540,5772,286,23363
2021-02-14,46796540,3592,248,20692
2021-02-15,46796540,8894,291,19762
2021-02-16,46796540,9895,298,9933
2021-02-17,46796540,8657,262,5727
2021-02-18,46796540,8225,244,13416
2021-02-19,46796540,8001,226,15013
2021-02-20,46796540,4033,185,12988
2021-02-21,46796540,2687,185,11542
2021-02-22,46796540,6869,231,11399
2021-02-23,46796540,7410,188,5486
2021-02-24,46796540,6514,208,3344
2021-02-25,46796540,6203,198,8603
2021-02-26,46796540,6497,178,9597
2021-02-27,46796540,3228,165,8395
2021-02-28,46796540,2249,150,7981
2021-03-01,46796540,5402,138,7775
2021-03-02,46796540,5907,154,3848
2021-03-03,46796540,5981,148,2502
2021-03-04,46796540,5640,139,6638
2021-03-05,46796540,5760,133,7222
2021-03-06,46796540,2885,129,6306
2021-03-07,46796540,2059,99,6005
2021-03-08,46796540,5149,124,6319
2021-03-09,46796540,5698,122,3063
2021-03-10,46796540,5544,106,2099
2021-03-11,46796540,5396,97,5264
2021-03-12,46796540,5862,108,5753
2021-03-13,46796540,2845,88,5833
2021-03-14,46796540,1992,81,5501
2021-03-15,46796540,5620,108,5627
2021-03-16,46796540,6138,114,2756
2021-03-17,46796540,5885,96,1960
2021-03-18,46796540,6429,72,5025
2021-03-19,46796540,4728,70,5576
2021-03-20,46796540,2960,70,5438
2021-03-21,46796540,2316,67,5299
2021-03-22,46796540,6198,73,5754
2021-03-23,46796540,7445,96,2757
2021-03-24,46796540,6983,65,1911
2021-03-25,46796540,7383,72,5512
2021-03-26,46796540,7717,89,6024
2021-03-27,46796540,4149,67,5789
2021-03-28,46796540,2979,74,6357
2021-03-29,46796540,7441,89,4658
2021-03-30,46796540,8283,84,2890
2021-03-31,46796540,9067,83,2249
2021-04-01,46796540,5742,80,6125
2021-04-02,46796540,3889,71,7349
2021-04-03,46796540,4618,79,6918
2021-04-04,46796540,4291,60,7311
2021-04-05,46796540,7755,76,7628
2021-04-06,46796540,10948,87,4082
2021-04-07,46796540,10686,93,2905
2021-04-08,46796540,10435,85,7352
2021-04-09,46796540,10606,85,8199
2021-04-10,46796540,5692,90,8984
2021-04-11,46796540,3975,52,5662
2021-04-12,46796540,9069,99,3818
2021-04-13,46796540,10237,80,4539
2021-04-14,46796540,10386,93,4231
2021-04-15,46796540,9803,82,7679
2021-04-16,46796540,10125,83,10861
2021-04-17,46796540,5373,81,10593
2021-04-18,46796540,3960,60,10350
2021-04-19,46796540,8777,87,10521
2021-04-20,46796540,10704,79,5602
2021-04-21,46796540,9812,74,3923
2021-04-22,46796540,9796,70,8970
2021-04-23,46796540,10007,78,10157
2021-04-24,46796540,5060,76,10293
2021-04-25,46796540,3864,62,9721
2021-04-26,46796540,8904,71,10042
2021-04-27,46796540,9781,72,5292
2021-04-28,46796540,9299,72,3900
2021-04-29,46796540,8908,65,8690
2021-04-30,46796540,9052,70,10625
2021-05-01,46796540,3927,56,9738
2021-05-02,46796540,3124,55,9726
2021-05-03,46796540,6030,79,9929
2021-05-04,46796540,7563,69,4984
2021-05-05,46796540,7914,69,3802
2021-05-06,46796540,6975,65,8833
2021-05-07,46796540,7523,71,9709
2021-05-08,46796540,3445,54,9227
2021-05-09,46796540,2440,52,8843
2021-05-10,46796540,6020,55,8982
2021-05-11,46796540,5992,55,3871
2021-05-12,46796540,5944,67,3069
2021-05-13,46796540,5685,59,5951
2021-05-14,46796540,5970,45,7494
2021-05-15,46796540,2864,43,7845
2021-05-16,46796540,2215,41,6910
2021-05-17,46796540,5153,33,7452
2021-05-18,46796540,5975,35,3391
2021-05-19,46796540,5418,49,2388
2021-05-20,46796540,5471,33,5965
2021-05-21,46796540,5647,45,5937
2021-05-22,46796540,2714,34,5877
2021-05-23,46796540,1991,34,5626
2021-05-24,46796540,4548,36,5925
2021-05-25,46796540,5447,21,2821
2021-05-26,46796540,5276,37,2174
2021-05-27,46796540,5351,18,5120
2021-05-28,46796540,5344,23,5940
2021-05-29,46796540,2922,22,5369
2021-05-30,46796540,1956,30,5438
2021-05-31,46796540,4834,39,5602
2021-06-01,46796540,5133,25,2680
2021-06-02,46796540,5122,34,1957
2021-06-03,46796540,4462,29,4512
2021-06-04,46796540,4583,32,5426
2021-06-05,46796540,2444,26,5239
2021-06-06,46796540,1716,26,5333
2021-06-07,46796540,4170,19,5321
2021-06-08,46796540,4154,30,2900
2021-06-09,46796540,4113,18,1926
2021-06-10,46796540,4125,26,4795
2021-06-11,46796540,4004,11,5108
2021-06-12,46796540,2214,22,5088
2021-06-13,46796540,1553,18,4433
2021-06-14,46796540,3623,18,4551
2021-06-15,46796540,4069,23,2418
2021-06-16,46796540,3983,22,1690
2021-06-17,46796540,3993,23,4151
2021-06-18,46796540,4018,18,4124
2021-06-19,46796540,2268,9,4095
2021-06-20,46796540,1670,16,4099
2021-06-21,46796540,3864,19,3993
2021-06-22,46796540,4429,19,2192
2021-06-23,46796540,5029,19,1535
2021-06-24,46796540,3896,14,3605
2021-06-25,46796540,5691,12,4046
2021-06-26,46796540,3758,13,3961
2021-06-27,46796540,3127,19,3970
2021-06-28,46796540,8135,16,4000
2021-06-29,46796540,10731,14,2259
2021-06-30,46796540,13119,13,1654
2021-07-01,46796540,14067,15,3845
2021-07-02,46796540,14977,6,4410
2021-07-03,46796540,10290,17,5010
2021-07-04,46796540,7638,9,3882
2021-07-05,46796540,16928,12,5679
2021-07-06,46796540,20514,12,3745
2021-07-07,46796540,23096,10,3108
2021-07-08,46796540,22803,8,8119
2021-07-09,46796540,24570,15,10717
2021-07-10,46796540,15087,17,13106
2021-07-11,46796540,12310,16,14052
2021-07-12,46796540,25843,19,14971
2021-07-13,46796540,28479,20,10273
2021-07-14,46796540,29939,19,7629
2021-07-15,46796540,29599,20,16916
2021-07-16,46796540,29760,42,20502
2021-07-17,46796540,18579,21,23086
2021-07-18,46796540,14514,27,22795
2021-07-19,46796540,29849,34,24555
2021-07-20,46796540,31881,48,15070
2021-07-21,46796540,31921,54,12294
2021-07-22,46796540,31106,52,25824
2021-07-23,46796540,30243,50,28459
2021-07-24,46796540,18228,87,29920
2021-07-25,46796540,12723,60,29579
2021-07-26,46796540,25810,64,29718
2021-07-27,46796540,28969,81,18558
2021-07-28,46796540,27124,72,14487
2021-07-29,46796540,25688,75,29815
2021-07-30,46796540,25825,98,31833
2021-07-31,46796540,14839,86,31867
2021-08-01,46796540,9619,83,31054
2021-08-02,46796540,19855,94,30193
2021-08-03,46796540,21653,97,18141
2021-08-04,46796540,20621,122,12663
2021-08-05,46796540,19624,98,25746
2021-08-06,46796540,19192,116,28888
2021-08-07,46796540,11011,90,27052
2021-08-08,46796540,7270,79,25613
2021-08-09,46796540,15126,117,25727
2021-08-10,46796540,17259,104,14753
2021-08-11,46796540,15834,109,9536
2021-08-12,46796540,14885,130,19761
2021-08-13,46796540,13927,110,21556
2021-08-14,46796540,8062,115,20499
2021-08-15,46796540,5576,117,19526
2021-08-16,46796540,9641,110,19076
2021-08-17,46796540,12036,134,10921
2021-08-18,46796540,12631,108,7191
2021-08-19,46796540,11770,98,15009
2021-08-20,46796540,11781,96,17155
2021-08-21,46796540,6511,87,15725
2021-08-22,46796540,4108,80,14755
2021-08-23,46796540,9846,102,13817
2021-08-24,46796540,9871,90,7947
2021-08-25,46796540,9090,112,5459
2021-08-26,46796540,8195,88,9531
2021-08-27,46796540,8114,86,11902
2021-08-28,46796540,4033,79,12523
2021-08-29,46796540,2695,76,11672
2021-08-30,46796540,6275,95,11685
2021-08-31,46796540,7153,88,6424
2021-09-01,46796540,5965,92,4028
2021-09-02,46796540,5264,73,9744
2021-09-03,46796540,4915,79,9781
2021-09-04,46796540,2713,57,8978
2021-09-05,46796540,1905,59,8107
2021-09-06,46796540,4234,67,8028
2021-09-07,46796540,4714,60,3954
2021-09-08,46796540,3721,67,2619
2021-09-09,46796540,3713,66,6180
2021-09-10,46796540,3779,59,7065
2021-09-11,46796540,1728,41,5873
2021-09-12,46796540,1278,57,5191
2021-09-13,46796540,3361,44,4836
2021-09-14,46796540,3419,58,2656
2021-09-15,46796540,2903,62,1846
2021-09-16,46796540,2897,49,4167
2021-09-17,46796540,2950,49,4654
2021-09-18,46796540,1392,47,3654
2021-09-19,46796540,902,47,3647
2021-09-20,46796540,2393,38,3720
2021-09-21,46796540,2726,44,1687
2021-09-22,46796540,2502,33,1221
2021-09-23,46796540,2305,29,3317
2021-09-24,46796540,2464,38,3361
2021-09-25,46796540,1233,29,2841
2021-09-26,46796540,821,23,2848
2021-09-27,46796540,2465,23,2901
2021-09-28,46796540,2223,22,1345
2021-09-29,46796540,2039,25,855
2021-09-30,46796540,1850,32,2355
2021-10-01,46796540,1866,28,2682
2021-10-02,46796540,984,32,2469
2021-10-03,46796540,691,18,2276
2021-10-04,46796540,1871,27,2426
2021-10-05,46796540,1803,13,1204
2021-10-06,46796540,1749,25,798
2021-10-07,46796540,1666,27,2442
2021-10-08,46796540,1810,19,2201
2021-10-09,46796540,894,17,2014
2021-10-10,46796540,528,18,1818
2021-10-11,46796540,1977,23,1838
2021-10-12,46796540,828,15,952
2021-10-13,46796540,1871,21,673
2021-10-14,46796540,2035,18,1844
2021-10-15,46796540,2011,17,1790
2021-10-16,46796540,1115,14,1724
2021-10-17,46796540,774,16,1639
2021-10-18,46796540,2123,14,1791
2021-10-19,46796540,2100,18,877
2021-10-20,46796540,2104,23,510
2021-10-21,46796540,1988,22,1954
2021-10-22,46796540,2107,14,813
2021-10-23,46796540,1138,16,1850
2021-10-24,46796540,845,14,2017
2021-10-25,46796540,2258,16,1994
2021-10-26,46796540,2110,14,1101
2021-10-27,46796540,2125,16,758
2021-10-28,46796540,2170,17,2109
2021-10-29,46796540,2435,7,2082
2021-10-30,46796540,1368,18,2081
2021-10-31,46796540,952,13,1966
2021-11-01,46796540,1010,15,2093
2021-11-02,46796540,2873,9,1122
2021-11-03,46796540,2935,19,831
2021-11-04,46796540,2998,10,2242
2021-11-05,46796540,3185,10,2096
2021-11-06,46796540,1834,14,2109
2021-11-07,46796540,1210,18,2153
2021-11-08,46796540,3444,29,2428
2021-11-09,46796540,3824,24,1350
2021-11-10,46796540,3888,21,939
2021-11-11,46796540,4335,18,995
2021-11-12,46796540,4903,27,2864
2021-11-13,46796540,2898,17,2916
2021-11-14,46796540,2140,20,2988
2021-11-15,46796540,5591,23,3175
2021-11-16,46796540,6329,23,1820
2021-11-17,46796540,6471,21,1192
2021-11-18,46796540,6855,22,3415
2021-11-19,46796540,7748,14,3800
2021-11-20,46796540,4487,21,3867
2021-11-21,46796540,3171,28,4317
2021-11-22,46796540,8144,31,4876
2021-11-23,46796540,9125,26,2881
2021-11-24,46796540,9646,18,2120
2021-11-25,46796540,9912,29,5568
2021-11-26,46796540,11066,30,6306
2021-11-27,46796540,6777,29,6450
2021-11-28,46796540,4538,22,6833
2021-11-29,46796540,11547,40,7734
2021-11-30,46796540,13311,44,4466
2021-12-01,46796540,14347,39,3143
2021-12-02,46796540,15569,36,8113
2021-12-03,46796540,16160,40,9099
2021-12-04,46796540,11082,39,9628
2021-12-05,46796540,7665,43,9883
2021-12-06,46796540,8029,52,11036
2021-12-07,46796540,18269,45,6748
2021-12-08,46796540,12051,48,4516
2021-12-09,46796540,21289,50,11507
2021-12-10,46796540,26266,51,13267
2021-12-11,46796540,16746,52,14308
2021-12-12,46796540,12983,45,15533
2021-12-13,46796540,27324,63,16120
2021-12-14,46796540,32515,65,11043
2021-12-15,46796540,37221,48,7622
2021-12-16,46796540,39094,88,7977
2021-12-17,46796540,44617,78,18224
2021-12-18,46796540,26899,64,12003
2021-12-19,46796540,22524,71,21239
2021-12-20,46796540,55375,85,26215
2021-12-21,46796540,74767,73,16694
2021-12-22,46796540,86718,77,12938
2021-12-23,46796540,97363,84,27261
2021-12-24,46796540,75694,74,32450
2021-12-25,46796540,47333,82,37173
2021-12-26,46796540,52969,85,39006
2021-12-27,46796540,116923,97,44539
2021-12-28,46796540,138737,93,26835
2021-12-29,46796540,150569,102,22453
2021-12-30,46796540,148255,101,55290
2021-12-31,46796540,105819,95,74694
2022-01-01,46796540,59420,105,86641
2022-01-02,46796540,71640,102,97279
2022-01-03,46796540,147173,137,75620
2022-01-04,46796540,167498,141,47251
2022-01-05,46796540,163086,122,52884
2022-01-06,46796540,76279,115,116826
2022-01-07,46796540,150218,125,138644
2022-01-08,46796540,91685,140,150467
2022-01-09,46796540,92992,137,148154
2022-01-10,46796540,176006,180,105724
2022-01-11,46796540,171844,158,59315
2022-01-12,46796540,160773,171,71538
2022-01-13,46796540,149841,184,147036
2022-01-14,46796540,134457,192,167357
2022-01-15,46796540,85702,180,162964
2022-01-16,46796540,75683,212,76164
2022-01-17,46796540,156088,217,150093
2022-01-18,46796540,148724,213,91545
2022-01-19,46796540,141962,225,92855
2022-01-20,46796540,132540,208,175826
2022-01-21,46796540,127423,225,171686
2022-01-22,46796540,72792,191,160602
2022-01-23,46796540,66477,203,149657
2022-01-24,46796540,131219,247,134265
2022-01-25,46796540,118523,246,85522
2022-01-26,46796540,109993,238,75471
2022-01-27,46796540,93828,220,155871
2022-01-28,46796540,84628,249,148511
2022-01-29,46796540,47006,247,141737
2022-01-30,46796540,39900,229,132332
2022-01-31,46796540,80642,267,127198
2022-02-01,46796540,72075,251,72601
2022-02-02,46796540,66399,236,66274
2022-02-03,46796540,58268,238,130972
2022-02-04,46796540,53524,229,118277
2022-02-05,46796540,27953,211,109755
2022-02-06,46796540,23733,217,93608
2022-02-07,46796540,53111,212,84379
2022-02-08,46796540,46630,220,46759
2022-02-09,46796540,42881,222,39671
2022-02-10,46796540,37413,182,80375
2022-02-11,46796540,32922,209,71824
2022-02-12,46796540,16614,161,66163
2022-02-13,46796540,14355,168,58030
2022-02-14,46796540,32706,155,53295
2022-02-15,46796540,29954,185,27742
2022-02-16,46796540,27214,149,23516
2022-02-17,46796540,24125,131,52899
2022-02-18,46796540,22594,99,46410
2022-02-19,46796540,11558,105,42659
2022-02-20,46796540,10079,96,37231
2022-02-21,46796540,23685,95,32713
2022-02-22,46796540,22025,122,16453
2022-02-23,46796540,20964,101,14187
2022-02-24,46796540,18224,91,32551
2022-02-25,46796540,16372,95,29769
2022-02-26,46796540,8836,76,27065
2022-02-27,46796540,7597,62,23994
2022-02-28,46796540,17189,98,22495
2022-03-01,46796540,16792,78,11453
2022-03-02,46796540,20394,63,9983
2022-03-03,46796540,19743,82,23590
2022-03-04,46796540,18450,70,21903
2022-03-05,46796540,9810,59,20863
2022-03-06,46796540,8529,71,18133
2022-03-07,46796540,19485,58,16277
2022-03-08,46796540,18845,71,8760
2022-03-09,46796540,18792,68,7535
2022-03-10,46796540,17684,72,17091
2022-03-11,46796540,17049,62,16714
2022-03-12,46796540,9424,60,20331
2022-03-13,46796540,8980,44,19661
2022-03-14,46796540,20931,53,18380
2022-03-15,46796540,19897,60,9751
2022-03-16,46796540,20328,58,8458
2022-03-17,46796540,18709,51,19427
2022-03-18,46796540,19157,41,18774
2022-03-19,46796540,9755,63,18724
2022-03-20,46796540,9595,41,17612
2022-03-21,46796540,24081,44,16987
2022-03-22,46796540,24425,42,9364
2022-03-23,46796540,23111,46,8936
2022-03-24,46796540,19018,49,20878
2022-03-25,46796540,17466,41,19837
2022-03-26,46796540,8411,36,20270
2022-03-27,46796540,6717,36,18658
